-- ============================================================
-- Hospital Management System - Data Load Script
-- Generated from Data Workshop CSV unloads
-- Load order: parents before children (FK-safe)
-- ============================================================

-- DEPARTMENTS (5 rows)
-- Column types inferred: {'DEPARTMENT_ID': 'number', 'DEPARTMENT_NAME': 'string', 'FLOOR_NO': 'number', 'STATUS': 'string'}

INSERT INTO DEPARTMENTS (DEPARTMENT_ID, DEPARTMENT_NAME, FLOOR_NO, STATUS) VALUES (1, 'Cardiology', 1, 'Active');
INSERT INTO DEPARTMENTS (DEPARTMENT_ID, DEPARTMENT_NAME, FLOOR_NO, STATUS) VALUES (2, 'Pediatrics', 2, 'Active');
INSERT INTO DEPARTMENTS (DEPARTMENT_ID, DEPARTMENT_NAME, FLOOR_NO, STATUS) VALUES (3, 'Emergency', 0, 'Active');
INSERT INTO DEPARTMENTS (DEPARTMENT_ID, DEPARTMENT_NAME, FLOOR_NO, STATUS) VALUES (4, 'Orthopedics', 3, 'Active');
INSERT INTO DEPARTMENTS (DEPARTMENT_ID, DEPARTMENT_NAME, FLOOR_NO, STATUS) VALUES (5, 'General Medicine', 1, 'Active');

COMMIT;

-- DOCTOR_SPECIALTIES (5 rows)
-- Column types inferred: {'SPECIALTY_ID': 'number', 'SPECIALTY_NAME': 'string', 'STATUS': 'string'}

INSERT INTO DOCTOR_SPECIALTIES (SPECIALTY_ID, SPECIALTY_NAME, STATUS) VALUES (1, 'Cardiologist', 'Active');
INSERT INTO DOCTOR_SPECIALTIES (SPECIALTY_ID, SPECIALTY_NAME, STATUS) VALUES (2, 'Pediatrician', 'Active');
INSERT INTO DOCTOR_SPECIALTIES (SPECIALTY_ID, SPECIALTY_NAME, STATUS) VALUES (3, 'Emergency Physician', 'Active');
INSERT INTO DOCTOR_SPECIALTIES (SPECIALTY_ID, SPECIALTY_NAME, STATUS) VALUES (4, 'Orthopedic Surgeon', 'Active');
INSERT INTO DOCTOR_SPECIALTIES (SPECIALTY_ID, SPECIALTY_NAME, STATUS) VALUES (5, 'General Practitioner', 'Active');

COMMIT;

-- MEDICINE_CATEGORIES (5 rows)
-- Column types inferred: {'CATEGORY_ID': 'number', 'CATEGORY_NAME': 'string', 'STATUS': 'string'}

INSERT INTO MEDICINE_CATEGORIES (CATEGORY_ID, CATEGORY_NAME, STATUS) VALUES (1, 'Antibiotic', 'Active');
INSERT INTO MEDICINE_CATEGORIES (CATEGORY_ID, CATEGORY_NAME, STATUS) VALUES (2, 'Painkiller', 'Active');
INSERT INTO MEDICINE_CATEGORIES (CATEGORY_ID, CATEGORY_NAME, STATUS) VALUES (3, 'Diabetes', 'Active');
INSERT INTO MEDICINE_CATEGORIES (CATEGORY_ID, CATEGORY_NAME, STATUS) VALUES (4, 'Cardiovascular', 'Active');
INSERT INTO MEDICINE_CATEGORIES (CATEGORY_ID, CATEGORY_NAME, STATUS) VALUES (5, 'Vitamins', 'Active');

COMMIT;

-- APPOINTMENT_STATUSES (4 rows)
-- Column types inferred: {'STATUS_ID': 'number', 'STATUS_NAME': 'string'}

INSERT INTO APPOINTMENT_STATUSES (STATUS_ID, STATUS_NAME) VALUES (3, 'Cancelled');
INSERT INTO APPOINTMENT_STATUSES (STATUS_ID, STATUS_NAME) VALUES (2, 'Completed');
INSERT INTO APPOINTMENT_STATUSES (STATUS_ID, STATUS_NAME) VALUES (4, 'No Show');
INSERT INTO APPOINTMENT_STATUSES (STATUS_ID, STATUS_NAME) VALUES (1, 'Scheduled');

COMMIT;

-- PATIENTS (20 rows)
-- Column types inferred: {'PATIENT_ID': 'number', 'CIVIL_ID': 'number', 'FULL_NAME': 'string', 'GENDER': 'string', 'DATE_OF_BIRTH': 'timestamp', 'MOBILE_NO': 'number', 'EMAIL': 'string', 'BLOOD_GROUP': 'string', 'ADDRESS': 'string', 'EMERGENCY_CONTACT_NAME': 'string', 'EMERGENCY_CONTACT_NO': 'number', 'CREATED_AT': 'timestamp'}

INSERT INTO PATIENTS (PATIENT_ID, CIVIL_ID, FULL_NAME, GENDER, DATE_OF_BIRTH, MOBILE_NO, EMAIL, BLOOD_GROUP, ADDRESS, EMERGENCY_CONTACT_NAME, EMERGENCY_CONTACT_NO, CREATED_AT) VALUES (78, 90000003, 'Noor Al Rawahi', 'Female', TO_TIMESTAMP('2001-11-05 00:00:00', 'YYYY-MM-DD HH24:MI:SS'), 92010003, 'noor.rawahi@email.com', 'B+', 'Bawshar', 'Ahmed Al Rawahi', 95010003, TO_TIMESTAMP('2026-07-15 13:38:46.534260', 'YYYY-MM-DD HH24:MI:SS.FF6'));
INSERT INTO PATIENTS (PATIENT_ID, CIVIL_ID, FULL_NAME, GENDER, DATE_OF_BIRTH, MOBILE_NO, EMAIL, BLOOD_GROUP, ADDRESS, EMERGENCY_CONTACT_NAME, EMERGENCY_CONTACT_NO, CREATED_AT) VALUES (79, 90000004, 'Yousef Al Harthy', 'Male', TO_TIMESTAMP('1979-01-18 00:00:00', 'YYYY-MM-DD HH24:MI:SS'), 92010004, 'yousef.harthy@email.com', 'AB+', 'Nizwa', 'Mariam Al Harthy', 95010004, TO_TIMESTAMP('2026-07-15 13:38:50.278928', 'YYYY-MM-DD HH24:MI:SS.FF6'));
INSERT INTO PATIENTS (PATIENT_ID, CIVIL_ID, FULL_NAME, GENDER, DATE_OF_BIRTH, MOBILE_NO, EMAIL, BLOOD_GROUP, ADDRESS, EMERGENCY_CONTACT_NAME, EMERGENCY_CONTACT_NO, CREATED_AT) VALUES (80, 90000005, 'Maha Al Amri', 'Female', TO_TIMESTAMP('1995-06-29 00:00:00', 'YYYY-MM-DD HH24:MI:SS'), 92010005, 'maha.amri@email.com', 'A-', 'Sohar', 'Nasser Al Amri', 95010005, TO_TIMESTAMP('2026-07-15 13:38:54.551857', 'YYYY-MM-DD HH24:MI:SS.FF6'));
INSERT INTO PATIENTS (PATIENT_ID, CIVIL_ID, FULL_NAME, GENDER, DATE_OF_BIRTH, MOBILE_NO, EMAIL, BLOOD_GROUP, ADDRESS, EMERGENCY_CONTACT_NAME, EMERGENCY_CONTACT_NO, CREATED_AT) VALUES (81, 90000006, 'Hamza Al Kindi', 'Male', TO_TIMESTAMP('1992-09-10 00:00:00', 'YYYY-MM-DD HH24:MI:SS'), 92010006, 'hamza.kindi@email.com', 'O-', 'Muscat', 'Huda Al Kindi', 95010006, TO_TIMESTAMP('2026-07-15 13:39:00.443358', 'YYYY-MM-DD HH24:MI:SS.FF6'));
INSERT INTO PATIENTS (PATIENT_ID, CIVIL_ID, FULL_NAME, GENDER, DATE_OF_BIRTH, MOBILE_NO, EMAIL, BLOOD_GROUP, ADDRESS, EMERGENCY_CONTACT_NAME, EMERGENCY_CONTACT_NO, CREATED_AT) VALUES (82, 90000007, 'Laila Al Lawati', 'Female', TO_TIMESTAMP('1984-12-02 00:00:00', 'YYYY-MM-DD HH24:MI:SS'), 92010007, 'laila.lawati@email.com', 'B-', 'Muttrah', 'Ali Al Lawati', 95010007, TO_TIMESTAMP('2026-07-15 13:39:04.226879', 'YYYY-MM-DD HH24:MI:SS.FF6'));
INSERT INTO PATIENTS (PATIENT_ID, CIVIL_ID, FULL_NAME, GENDER, DATE_OF_BIRTH, MOBILE_NO, EMAIL, BLOOD_GROUP, ADDRESS, EMERGENCY_CONTACT_NAME, EMERGENCY_CONTACT_NO, CREATED_AT) VALUES (76, 90000001, 'Aisha Al Balushi', 'Female', TO_TIMESTAMP('1998-03-14 00:00:00', 'YYYY-MM-DD HH24:MI:SS'), 92010001, 'aisha.balushi@email.com', 'A+', 'Muscat', 'Salim Al Balushi', 95010001, TO_TIMESTAMP('2026-07-15 13:38:38.183459', 'YYYY-MM-DD HH24:MI:SS.FF6'));
INSERT INTO PATIENTS (PATIENT_ID, CIVIL_ID, FULL_NAME, GENDER, DATE_OF_BIRTH, MOBILE_NO, EMAIL, BLOOD_GROUP, ADDRESS, EMERGENCY_CONTACT_NAME, EMERGENCY_CONTACT_NO, CREATED_AT) VALUES (77, 90000002, 'Khalid Al Hinai', 'Male', TO_TIMESTAMP('1987-07-22 00:00:00', 'YYYY-MM-DD HH24:MI:SS'), 92010002, 'khalid.hinai@email.com', 'O+', 'Seeb', 'Fatma Al Hinai', 95010002, TO_TIMESTAMP('2026-07-15 13:38:43.121590', 'YYYY-MM-DD HH24:MI:SS.FF6'));
INSERT INTO PATIENTS (PATIENT_ID, CIVIL_ID, FULL_NAME, GENDER, DATE_OF_BIRTH, MOBILE_NO, EMAIL, BLOOD_GROUP, ADDRESS, EMERGENCY_CONTACT_NAME, EMERGENCY_CONTACT_NO, CREATED_AT) VALUES (85, 90000010, 'Nasser Al Shanfari', 'Male', TO_TIMESTAMP('1975-02-25 00:00:00', 'YYYY-MM-DD HH24:MI:SS'), 92010010, 'nasser.shanfari@email.com', 'O+', 'Salalah', 'Amal Al Shanfari', 95010010, TO_TIMESTAMP('2026-07-15 13:39:18.941525', 'YYYY-MM-DD HH24:MI:SS.FF6'));
INSERT INTO PATIENTS (PATIENT_ID, CIVIL_ID, FULL_NAME, GENDER, DATE_OF_BIRTH, MOBILE_NO, EMAIL, BLOOD_GROUP, ADDRESS, EMERGENCY_CONTACT_NAME, EMERGENCY_CONTACT_NO, CREATED_AT) VALUES (86, 90000011, 'Reem Al Riyami', 'Female', TO_TIMESTAMP('2003-05-09 00:00:00', 'YYYY-MM-DD HH24:MI:SS'), 92010011, 'reem.riyami@email.com', 'B+', 'Muscat', 'Said Al Riyami', 95010011, TO_TIMESTAMP('2026-07-15 13:39:23.091706', 'YYYY-MM-DD HH24:MI:SS.FF6'));
INSERT INTO PATIENTS (PATIENT_ID, CIVIL_ID, FULL_NAME, GENDER, DATE_OF_BIRTH, MOBILE_NO, EMAIL, BLOOD_GROUP, ADDRESS, EMERGENCY_CONTACT_NAME, EMERGENCY_CONTACT_NO, CREATED_AT) VALUES (87, 90000012, 'Fahad Al Jabri', 'Male', TO_TIMESTAMP('1988-10-30 00:00:00', 'YYYY-MM-DD HH24:MI:SS'), 92010012, 'fahad.jabri@email.com', 'A-', 'Barka', 'Khadija Al Jabri', 95010012, TO_TIMESTAMP('2026-07-15 13:39:27.338157', 'YYYY-MM-DD HH24:MI:SS.FF6'));
INSERT INTO PATIENTS (PATIENT_ID, CIVIL_ID, FULL_NAME, GENDER, DATE_OF_BIRTH, MOBILE_NO, EMAIL, BLOOD_GROUP, ADDRESS, EMERGENCY_CONTACT_NAME, EMERGENCY_CONTACT_NO, CREATED_AT) VALUES (88, 90000013, 'Maryam Al Wahaibi', 'Female', TO_TIMESTAMP('1997-01-12 00:00:00', 'YYYY-MM-DD HH24:MI:SS'), 92010013, 'maryam.wahaibi@email.com', 'O+', 'Rustaq', 'Hamad Al Wahaibi', 95010013, TO_TIMESTAMP('2026-07-15 13:39:30.978446', 'YYYY-MM-DD HH24:MI:SS.FF6'));
INSERT INTO PATIENTS (PATIENT_ID, CIVIL_ID, FULL_NAME, GENDER, DATE_OF_BIRTH, MOBILE_NO, EMAIL, BLOOD_GROUP, ADDRESS, EMERGENCY_CONTACT_NAME, EMERGENCY_CONTACT_NO, CREATED_AT) VALUES (89, 90000014, 'Sultan Al Farsi', 'Male', TO_TIMESTAMP('1982-06-17 00:00:00', 'YYYY-MM-DD HH24:MI:SS'), 92010014, 'sultan.farsi@email.com', 'AB+', 'Ibra', 'Aisha Al Farsi', 95010014, TO_TIMESTAMP('2026-07-15 13:39:35.062132', 'YYYY-MM-DD HH24:MI:SS.FF6'));
INSERT INTO PATIENTS (PATIENT_ID, CIVIL_ID, FULL_NAME, GENDER, DATE_OF_BIRTH, MOBILE_NO, EMAIL, BLOOD_GROUP, ADDRESS, EMERGENCY_CONTACT_NAME, EMERGENCY_CONTACT_NO, CREATED_AT) VALUES (90, 90000015, 'Asma Al Maskari', 'Female', TO_TIMESTAMP('1999-09-01 00:00:00', 'YYYY-MM-DD HH24:MI:SS'), 92010015, 'asma.maskari@email.com', 'A+', 'Al Amerat', 'Yaqoob Al Maskari', 95010015, TO_TIMESTAMP('2026-07-15 13:39:39.392738', 'YYYY-MM-DD HH24:MI:SS.FF6'));
INSERT INTO PATIENTS (PATIENT_ID, CIVIL_ID, FULL_NAME, GENDER, DATE_OF_BIRTH, MOBILE_NO, EMAIL, BLOOD_GROUP, ADDRESS, EMERGENCY_CONTACT_NAME, EMERGENCY_CONTACT_NO, CREATED_AT) VALUES (91, 90000016, 'Majid Al Abri', 'Male', TO_TIMESTAMP('1993-03-27 00:00:00', 'YYYY-MM-DD HH24:MI:SS'), 92010016, 'majid.abri@email.com', 'B-', 'Bahla', 'Noura Al Abri', 95010016, TO_TIMESTAMP('2026-07-15 13:39:42.928349', 'YYYY-MM-DD HH24:MI:SS.FF6'));
INSERT INTO PATIENTS (PATIENT_ID, CIVIL_ID, FULL_NAME, GENDER, DATE_OF_BIRTH, MOBILE_NO, EMAIL, BLOOD_GROUP, ADDRESS, EMERGENCY_CONTACT_NAME, EMERGENCY_CONTACT_NO, CREATED_AT) VALUES (92, 90000017, 'Ruqaya Al Habsi', 'Female', TO_TIMESTAMP('1986-11-19 00:00:00', 'YYYY-MM-DD HH24:MI:SS'), 92010017, 'ruqaya.habsi@email.com', 'O-', 'Suwaiq', 'Mohammed Al Habsi', 95010017, TO_TIMESTAMP('2026-07-15 13:39:47.046383', 'YYYY-MM-DD HH24:MI:SS.FF6'));
INSERT INTO PATIENTS (PATIENT_ID, CIVIL_ID, FULL_NAME, GENDER, DATE_OF_BIRTH, MOBILE_NO, EMAIL, BLOOD_GROUP, ADDRESS, EMERGENCY_CONTACT_NAME, EMERGENCY_CONTACT_NO, CREATED_AT) VALUES (93, 90000018, 'Anas Al Manthari', 'Male', TO_TIMESTAMP('2002-07-07 00:00:00', 'YYYY-MM-DD HH24:MI:SS'), 92010018, 'anas.manthari@email.com', 'A+', 'Muscat', 'Mona Al Manthari', 95010018, TO_TIMESTAMP('2026-07-15 13:39:51.859935', 'YYYY-MM-DD HH24:MI:SS.FF6'));
INSERT INTO PATIENTS (PATIENT_ID, CIVIL_ID, FULL_NAME, GENDER, DATE_OF_BIRTH, MOBILE_NO, EMAIL, BLOOD_GROUP, ADDRESS, EMERGENCY_CONTACT_NAME, EMERGENCY_CONTACT_NO, CREATED_AT) VALUES (83, 90000008, 'Salim Al Maamari', 'Male', TO_TIMESTAMP('2000-04-21 00:00:00', 'YYYY-MM-DD HH24:MI:SS'), 92010008, 'salim.maamari@email.com', 'A+', 'Ibri', 'Alya Al Maamari', 95010008, TO_TIMESTAMP('2026-07-15 13:39:09.624354', 'YYYY-MM-DD HH24:MI:SS.FF6'));
INSERT INTO PATIENTS (PATIENT_ID, CIVIL_ID, FULL_NAME, GENDER, DATE_OF_BIRTH, MOBILE_NO, EMAIL, BLOOD_GROUP, ADDRESS, EMERGENCY_CONTACT_NAME, EMERGENCY_CONTACT_NO, CREATED_AT) VALUES (84, 90000009, 'Hanan Al Busaidi', 'Female', TO_TIMESTAMP('1990-08-16 00:00:00', 'YYYY-MM-DD HH24:MI:SS'), 92010009, 'hanan.busaidi@email.com', 'AB-', 'Sur', 'Omar Al Busaidi', 95010009, TO_TIMESTAMP('2026-07-15 13:39:13.307685', 'YYYY-MM-DD HH24:MI:SS.FF6'));
INSERT INTO PATIENTS (PATIENT_ID, CIVIL_ID, FULL_NAME, GENDER, DATE_OF_BIRTH, MOBILE_NO, EMAIL, BLOOD_GROUP, ADDRESS, EMERGENCY_CONTACT_NAME, EMERGENCY_CONTACT_NO, CREATED_AT) VALUES (94, 90000019, 'Shatha Al Nabhani', 'Female', TO_TIMESTAMP('1991-04-11 00:00:00', 'YYYY-MM-DD HH24:MI:SS'), 92010019, 'shatha.nabhani@email.com', 'B+', 'Saham', 'Khalfan Al Nabhani', 95010019, TO_TIMESTAMP('2026-07-15 13:39:56.003014', 'YYYY-MM-DD HH24:MI:SS.FF6'));
INSERT INTO PATIENTS (PATIENT_ID, CIVIL_ID, FULL_NAME, GENDER, DATE_OF_BIRTH, MOBILE_NO, EMAIL, BLOOD_GROUP, ADDRESS, EMERGENCY_CONTACT_NAME, EMERGENCY_CONTACT_NO, CREATED_AT) VALUES (95, 90000020, 'Ibrahim Al Rahbi', 'Male', TO_TIMESTAMP('1978-12-23 00:00:00', 'YYYY-MM-DD HH24:MI:SS'), 92010020, 'ibrahim.rahbi@email.com', 'AB-', 'Bidbid', 'Salma Al Rahbi', 95010020, TO_TIMESTAMP('2026-07-15 13:40:00.209805', 'YYYY-MM-DD HH24:MI:SS.FF6'));

COMMIT;

-- DOCTORS (10 rows)
-- Column types inferred: {'DOCTOR_ID': 'number', 'FULL_NAME': 'string', 'DEPARTMENT_ID': 'number', 'SPECIALTY_ID': 'number', 'MOBILE_NO': 'number', 'EMAIL': 'string', 'CONSULTATION_FEE': 'number', 'STATUS': 'string'}

INSERT INTO DOCTORS (DOCTOR_ID, FULL_NAME, DEPARTMENT_ID, SPECIALTY_ID, MOBILE_NO, EMAIL, CONSULTATION_FEE, STATUS) VALUES (21, 'Ahmed mostafa', 1, 3, 99994444, 'ahmed@hotmail.com', 55, 'Active');
INSERT INTO DOCTORS (DOCTOR_ID, FULL_NAME, DEPARTMENT_ID, SPECIALTY_ID, MOBILE_NO, EMAIL, CONSULTATION_FEE, STATUS) VALUES (22, 'Zakiya Alnabhani', 2, 2, 97234521, 'Zakiya@gmail.com', 14, 'Inactive');
INSERT INTO DOCTORS (DOCTOR_ID, FULL_NAME, DEPARTMENT_ID, SPECIALTY_ID, MOBILE_NO, EMAIL, CONSULTATION_FEE, STATUS) VALUES (1, 'Mariya allamki', 3, 3, 92345676, 'admin@admin.com', 39, 'Active');
INSERT INTO DOCTORS (DOCTOR_ID, FULL_NAME, DEPARTMENT_ID, SPECIALTY_ID, MOBILE_NO, EMAIL, CONSULTATION_FEE, STATUS) VALUES (41, 'Dr. Ahmed Al Balushi', 1, 1, 92110001, 'ahmed.balushi@alnoorhospital.com', 25, 'Active');
INSERT INTO DOCTORS (DOCTOR_ID, FULL_NAME, DEPARTMENT_ID, SPECIALTY_ID, MOBILE_NO, EMAIL, CONSULTATION_FEE, STATUS) VALUES (42, 'Dr. Sara Al Hinai', 2, 2, 92110002, 'sara.hinai@alnoorhospital.com', 20, 'Active');
INSERT INTO DOCTORS (DOCTOR_ID, FULL_NAME, DEPARTMENT_ID, SPECIALTY_ID, MOBILE_NO, EMAIL, CONSULTATION_FEE, STATUS) VALUES (43, 'Dr. Mustafa Al Rawahi', 3, 3, 92110003, 'mustafa.rawahi@alnoorhospital.com', 30, 'Active');
INSERT INTO DOCTORS (DOCTOR_ID, FULL_NAME, DEPARTMENT_ID, SPECIALTY_ID, MOBILE_NO, EMAIL, CONSULTATION_FEE, STATUS) VALUES (44, 'Dr. Fatma Al Harthy', 4, 4, 92110004, 'fatma.harthy@alnoorhospital.com', 35, 'Active');
INSERT INTO DOCTORS (DOCTOR_ID, FULL_NAME, DEPARTMENT_ID, SPECIALTY_ID, MOBILE_NO, EMAIL, CONSULTATION_FEE, STATUS) VALUES (45, 'Dr. Khalid Al Amri', 5, 5, 92110005, 'khalid.amri@alnoorhospital.com', 18, 'Active');
INSERT INTO DOCTORS (DOCTOR_ID, FULL_NAME, DEPARTMENT_ID, SPECIALTY_ID, MOBILE_NO, EMAIL, CONSULTATION_FEE, STATUS) VALUES (46, 'Dr. Aisha Al Maamari', 1, 1, 92110006, 'aisha.maamari@alnoorhospital.com', 28, 'Active');
INSERT INTO DOCTORS (DOCTOR_ID, FULL_NAME, DEPARTMENT_ID, SPECIALTY_ID, MOBILE_NO, EMAIL, CONSULTATION_FEE, STATUS) VALUES (47, 'Dr. Omar Al Busaidi', 2, 2, 92110007, 'omar.busaidi@alnoorhospital.com', 22, 'Active');

COMMIT;

-- ROOMS (5 rows)
-- Column types inferred: {'ROOM_ID': 'number', 'ROOM_NO': 'string', 'ROOM_TYPE': 'string', 'DAILY_RATE': 'number', 'STATUS': 'string'}

INSERT INTO ROOMS (ROOM_ID, ROOM_NO, ROOM_TYPE, DAILY_RATE, STATUS) VALUES (1, 'G101', 'General', 25, 'Occupied');
INSERT INTO ROOMS (ROOM_ID, ROOM_NO, ROOM_TYPE, DAILY_RATE, STATUS) VALUES (2, 'G102', 'General', 25, 'Occupied');
INSERT INTO ROOMS (ROOM_ID, ROOM_NO, ROOM_TYPE, DAILY_RATE, STATUS) VALUES (3, 'P201', 'Private', 60, 'Available');
INSERT INTO ROOMS (ROOM_ID, ROOM_NO, ROOM_TYPE, DAILY_RATE, STATUS) VALUES (4, 'P202', 'Private', 60, 'Occupied');
INSERT INTO ROOMS (ROOM_ID, ROOM_NO, ROOM_TYPE, DAILY_RATE, STATUS) VALUES (5, 'ICU01', 'ICU', 150, 'Occupied');

COMMIT;

-- MEDICINES (24 rows)
-- Column types inferred: {'MEDICINE_ID': 'number', 'MEDICINE_NAME': 'string', 'CATEGORY_ID': 'number', 'UNIT': 'string', 'CURRENT_STOCK': 'number', 'REORDER_LEVEL': 'number', 'STATUS': 'string'}

INSERT INTO MEDICINES (MEDICINE_ID, MEDICINE_NAME, CATEGORY_ID, UNIT, CURRENT_STOCK, REORDER_LEVEL, STATUS) VALUES (21, 'Zenc +', 4, 'Capsule', 14, 4, 'Active');
INSERT INTO MEDICINES (MEDICINE_ID, MEDICINE_NAME, CATEGORY_ID, UNIT, CURRENT_STOCK, REORDER_LEVEL, STATUS) VALUES (41, 'Amoxicillin 500mg', 1, 'Capsule', 120, 30, 'Active');
INSERT INTO MEDICINES (MEDICINE_ID, MEDICINE_NAME, CATEGORY_ID, UNIT, CURRENT_STOCK, REORDER_LEVEL, STATUS) VALUES (42, 'Azithromycin 250mg', 1, 'Tablet', 45, 20, 'Active');
INSERT INTO MEDICINES (MEDICINE_ID, MEDICINE_NAME, CATEGORY_ID, UNIT, CURRENT_STOCK, REORDER_LEVEL, STATUS) VALUES (43, 'Cefuroxime 500mg', 1, 'Tablet', 18, 25, 'Active');
INSERT INTO MEDICINES (MEDICINE_ID, MEDICINE_NAME, CATEGORY_ID, UNIT, CURRENT_STOCK, REORDER_LEVEL, STATUS) VALUES (44, 'Metronidazole 400mg', 1, 'Tablet', 60, 20, 'Active');
INSERT INTO MEDICINES (MEDICINE_ID, MEDICINE_NAME, CATEGORY_ID, UNIT, CURRENT_STOCK, REORDER_LEVEL, STATUS) VALUES (45, 'Paracetamol 500mg', 2, 'Tablet', 200, 50, 'Active');
INSERT INTO MEDICINES (MEDICINE_ID, MEDICINE_NAME, CATEGORY_ID, UNIT, CURRENT_STOCK, REORDER_LEVEL, STATUS) VALUES (46, 'Ibuprofen 400mg', 2, 'Tablet', 75, 30, 'Active');
INSERT INTO MEDICINES (MEDICINE_ID, MEDICINE_NAME, CATEGORY_ID, UNIT, CURRENT_STOCK, REORDER_LEVEL, STATUS) VALUES (47, 'Diclofenac 50mg', 2, 'Tablet', 15, 20, 'Active');
INSERT INTO MEDICINES (MEDICINE_ID, MEDICINE_NAME, CATEGORY_ID, UNIT, CURRENT_STOCK, REORDER_LEVEL, STATUS) VALUES (48, 'Paracetamol Syrup', 2, 'Syrup', 40, 15, 'Active');
INSERT INTO MEDICINES (MEDICINE_ID, MEDICINE_NAME, CATEGORY_ID, UNIT, CURRENT_STOCK, REORDER_LEVEL, STATUS) VALUES (49, 'Metformin 500mg', 3, 'Tablet', 150, 40, 'Active');
INSERT INTO MEDICINES (MEDICINE_ID, MEDICINE_NAME, CATEGORY_ID, UNIT, CURRENT_STOCK, REORDER_LEVEL, STATUS) VALUES (50, 'Gliclazide 80mg', 3, 'Tablet', 55, 20, 'Active');
INSERT INTO MEDICINES (MEDICINE_ID, MEDICINE_NAME, CATEGORY_ID, UNIT, CURRENT_STOCK, REORDER_LEVEL, STATUS) VALUES (51, 'Insulin Regular', 3, 'Injection', 12, 15, 'Active');
INSERT INTO MEDICINES (MEDICINE_ID, MEDICINE_NAME, CATEGORY_ID, UNIT, CURRENT_STOCK, REORDER_LEVEL, STATUS) VALUES (52, 'Insulin Glargine', 3, 'Injection', 25, 10, 'Active');
INSERT INTO MEDICINES (MEDICINE_ID, MEDICINE_NAME, CATEGORY_ID, UNIT, CURRENT_STOCK, REORDER_LEVEL, STATUS) VALUES (53, 'Amlodipine 5mg', 4, 'Tablet', 90, 25, 'Active');
INSERT INTO MEDICINES (MEDICINE_ID, MEDICINE_NAME, CATEGORY_ID, UNIT, CURRENT_STOCK, REORDER_LEVEL, STATUS) VALUES (1, 'panadol', 4, 'Capsule', 6, 1, 'Active');
INSERT INTO MEDICINES (MEDICINE_ID, MEDICINE_NAME, CATEGORY_ID, UNIT, CURRENT_STOCK, REORDER_LEVEL, STATUS) VALUES (2, 'adol', 1, 'Syrup', 18, 2, 'Active');
INSERT INTO MEDICINES (MEDICINE_ID, MEDICINE_NAME, CATEGORY_ID, UNIT, CURRENT_STOCK, REORDER_LEVEL, STATUS) VALUES (22, 'messc', 3, 'Capsule', 20, 8, 'Inactive');
INSERT INTO MEDICINES (MEDICINE_ID, MEDICINE_NAME, CATEGORY_ID, UNIT, CURRENT_STOCK, REORDER_LEVEL, STATUS) VALUES (54, 'Losartan 50mg', 4, 'Tablet', 70, 20, 'Active');
INSERT INTO MEDICINES (MEDICINE_ID, MEDICINE_NAME, CATEGORY_ID, UNIT, CURRENT_STOCK, REORDER_LEVEL, STATUS) VALUES (55, 'Atorvastatin 20mg', 4, 'Tablet', 22, 30, 'Active');
INSERT INTO MEDICINES (MEDICINE_ID, MEDICINE_NAME, CATEGORY_ID, UNIT, CURRENT_STOCK, REORDER_LEVEL, STATUS) VALUES (56, 'Bisoprolol 5mg', 4, 'Tablet', 50, 15, 'Active');
INSERT INTO MEDICINES (MEDICINE_ID, MEDICINE_NAME, CATEGORY_ID, UNIT, CURRENT_STOCK, REORDER_LEVEL, STATUS) VALUES (57, 'Vitamin D3 1000 IU', 5, 'Tablet', 110, 30, 'Active');
INSERT INTO MEDICINES (MEDICINE_ID, MEDICINE_NAME, CATEGORY_ID, UNIT, CURRENT_STOCK, REORDER_LEVEL, STATUS) VALUES (58, 'Vitamin C 500mg', 5, 'Tablet', 95, 25, 'Active');
INSERT INTO MEDICINES (MEDICINE_ID, MEDICINE_NAME, CATEGORY_ID, UNIT, CURRENT_STOCK, REORDER_LEVEL, STATUS) VALUES (59, 'Vitamin B Complex', 5, 'Tablet', 14, 20, 'Active');
INSERT INTO MEDICINES (MEDICINE_ID, MEDICINE_NAME, CATEGORY_ID, UNIT, CURRENT_STOCK, REORDER_LEVEL, STATUS) VALUES (60, 'Multivitamin Syrup', 5, 'Syrup', 35, 15, 'Active');

COMMIT;

-- APPOINTMENTS (32 rows)
-- Column types inferred: {'APPOINTMENT_ID': 'number', 'PATIENT_ID': 'number', 'DOCTOR_ID': 'number', 'APPOINTMENT_DATE': 'timestamp', 'APPOINTMENT_TIME': 'string', 'STATUS_ID': 'number', 'REASON_FOR_VISIT': 'string', 'CREATED_AT': 'timestamp'}

INSERT INTO APPOINTMENTS (APPOINTMENT_ID, PATIENT_ID, DOCTOR_ID, APPOINTMENT_DATE, APPOINTMENT_TIME, STATUS_ID, REASON_FOR_VISIT, CREATED_AT) VALUES (141, 76, 46, TO_TIMESTAMP('2026-07-22 00:00:00', 'YYYY-MM-DD HH24:MI:SS'), '12:20', 1, 'check', TO_TIMESTAMP('2026-07-20 12:01:08.661858', 'YYYY-MM-DD HH24:MI:SS.FF6'));
INSERT INTO APPOINTMENTS (APPOINTMENT_ID, PATIENT_ID, DOCTOR_ID, APPOINTMENT_DATE, APPOINTMENT_TIME, STATUS_ID, REASON_FOR_VISIT, CREATED_AT) VALUES (78, 78, 43, TO_TIMESTAMP('2026-07-15 00:00:00', 'YYYY-MM-DD HH24:MI:SS'), '10:00', 2, 'Headache and dizziness', TO_TIMESTAMP('2026-07-15 13:44:08.092303', 'YYYY-MM-DD HH24:MI:SS.FF6'));
INSERT INTO APPOINTMENTS (APPOINTMENT_ID, PATIENT_ID, DOCTOR_ID, APPOINTMENT_DATE, APPOINTMENT_TIME, STATUS_ID, REASON_FOR_VISIT, CREATED_AT) VALUES (79, 79, 44, TO_TIMESTAMP('2026-07-15 00:00:00', 'YYYY-MM-DD HH24:MI:SS'), '10:30', 1, 'Knee pain consultation', TO_TIMESTAMP('2026-07-15 13:44:12.124439', 'YYYY-MM-DD HH24:MI:SS.FF6'));
INSERT INTO APPOINTMENTS (APPOINTMENT_ID, PATIENT_ID, DOCTOR_ID, APPOINTMENT_DATE, APPOINTMENT_TIME, STATUS_ID, REASON_FOR_VISIT, CREATED_AT) VALUES (80, 80, 45, TO_TIMESTAMP('2026-07-15 00:00:00', 'YYYY-MM-DD HH24:MI:SS'), '11:00', 1, 'General health examination', TO_TIMESTAMP('2026-07-15 13:44:15.924385', 'YYYY-MM-DD HH24:MI:SS.FF6'));
INSERT INTO APPOINTMENTS (APPOINTMENT_ID, PATIENT_ID, DOCTOR_ID, APPOINTMENT_DATE, APPOINTMENT_TIME, STATUS_ID, REASON_FOR_VISIT, CREATED_AT) VALUES (81, 81, 46, TO_TIMESTAMP('2026-07-16 00:00:00', 'YYYY-MM-DD HH24:MI:SS'), '09:00', 2, 'Chest discomfort follow-up', TO_TIMESTAMP('2026-07-15 13:44:19.945478', 'YYYY-MM-DD HH24:MI:SS.FF6'));
INSERT INTO APPOINTMENTS (APPOINTMENT_ID, PATIENT_ID, DOCTOR_ID, APPOINTMENT_DATE, APPOINTMENT_TIME, STATUS_ID, REASON_FOR_VISIT, CREATED_AT) VALUES (82, 82, 47, TO_TIMESTAMP('2026-07-16 00:00:00', 'YYYY-MM-DD HH24:MI:SS'), '09:30', 1, 'General consultation', TO_TIMESTAMP('2026-07-15 13:44:23.521381', 'YYYY-MM-DD HH24:MI:SS.FF6'));
INSERT INTO APPOINTMENTS (APPOINTMENT_ID, PATIENT_ID, DOCTOR_ID, APPOINTMENT_DATE, APPOINTMENT_TIME, STATUS_ID, REASON_FOR_VISIT, CREATED_AT) VALUES (83, 83, 41, TO_TIMESTAMP('2026-07-16 00:00:00', 'YYYY-MM-DD HH24:MI:SS'), '10:00', 3, 'Medical review', TO_TIMESTAMP('2026-07-15 13:44:27.333926', 'YYYY-MM-DD HH24:MI:SS.FF6'));
INSERT INTO APPOINTMENTS (APPOINTMENT_ID, PATIENT_ID, DOCTOR_ID, APPOINTMENT_DATE, APPOINTMENT_TIME, STATUS_ID, REASON_FOR_VISIT, CREATED_AT) VALUES (84, 84, 42, TO_TIMESTAMP('2026-07-16 00:00:00', 'YYYY-MM-DD HH24:MI:SS'), '10:30', 2, 'Back pain follow-up', TO_TIMESTAMP('2026-07-15 13:44:31.195386', 'YYYY-MM-DD HH24:MI:SS.FF6'));
INSERT INTO APPOINTMENTS (APPOINTMENT_ID, PATIENT_ID, DOCTOR_ID, APPOINTMENT_DATE, APPOINTMENT_TIME, STATUS_ID, REASON_FOR_VISIT, CREATED_AT) VALUES (85, 85, 43, TO_TIMESTAMP('2026-07-16 00:00:00', 'YYYY-MM-DD HH24:MI:SS'), '11:00', 4, 'Annual health examination', TO_TIMESTAMP('2026-07-15 13:44:34.835895', 'YYYY-MM-DD HH24:MI:SS.FF6'));
INSERT INTO APPOINTMENTS (APPOINTMENT_ID, PATIENT_ID, DOCTOR_ID, APPOINTMENT_DATE, APPOINTMENT_TIME, STATUS_ID, REASON_FOR_VISIT, CREATED_AT) VALUES (86, 76, 44, TO_TIMESTAMP('2026-07-17 00:00:00', 'YYYY-MM-DD HH24:MI:SS'), '09:00', 2, 'Follow-up consultation', TO_TIMESTAMP('2026-07-15 13:44:38.886142', 'YYYY-MM-DD HH24:MI:SS.FF6'));
INSERT INTO APPOINTMENTS (APPOINTMENT_ID, PATIENT_ID, DOCTOR_ID, APPOINTMENT_DATE, APPOINTMENT_TIME, STATUS_ID, REASON_FOR_VISIT, CREATED_AT) VALUES (87, 77, 45, TO_TIMESTAMP('2026-07-17 00:00:00', 'YYYY-MM-DD HH24:MI:SS'), '09:30', 1, 'Persistent fever', TO_TIMESTAMP('2026-07-15 13:44:42.813329', 'YYYY-MM-DD HH24:MI:SS.FF6'));
INSERT INTO APPOINTMENTS (APPOINTMENT_ID, PATIENT_ID, DOCTOR_ID, APPOINTMENT_DATE, APPOINTMENT_TIME, STATUS_ID, REASON_FOR_VISIT, CREATED_AT) VALUES (88, 78, 46, TO_TIMESTAMP('2026-07-17 00:00:00', 'YYYY-MM-DD HH24:MI:SS'), '10:00', 1, 'Shoulder pain', TO_TIMESTAMP('2026-07-15 13:44:46.328808', 'YYYY-MM-DD HH24:MI:SS.FF6'));
INSERT INTO APPOINTMENTS (APPOINTMENT_ID, PATIENT_ID, DOCTOR_ID, APPOINTMENT_DATE, APPOINTMENT_TIME, STATUS_ID, REASON_FOR_VISIT, CREATED_AT) VALUES (89, 79, 47, TO_TIMESTAMP('2026-07-17 00:00:00', 'YYYY-MM-DD HH24:MI:SS'), '10:30', 2, 'Routine medical review', TO_TIMESTAMP('2026-07-15 13:44:49.960481', 'YYYY-MM-DD HH24:MI:SS.FF6'));
INSERT INTO APPOINTMENTS (APPOINTMENT_ID, PATIENT_ID, DOCTOR_ID, APPOINTMENT_DATE, APPOINTMENT_TIME, STATUS_ID, REASON_FOR_VISIT, CREATED_AT) VALUES (105, 85, 42, TO_TIMESTAMP('2026-07-20 00:00:00', 'YYYY-MM-DD HH24:MI:SS'), '11:00', 1, 'Respiratory symptoms consultation', TO_TIMESTAMP('2026-07-15 13:45:55.681861', 'YYYY-MM-DD HH24:MI:SS.FF6'));
INSERT INTO APPOINTMENTS (APPOINTMENT_ID, PATIENT_ID, DOCTOR_ID, APPOINTMENT_DATE, APPOINTMENT_TIME, STATUS_ID, REASON_FOR_VISIT, CREATED_AT) VALUES (76, 76, 41, TO_TIMESTAMP('2026-07-15 00:00:00', 'YYYY-MM-DD HH24:MI:SS'), '09:00', 2, 'Routine cardiology check-up', TO_TIMESTAMP('2026-07-15 13:44:01.296219', 'YYYY-MM-DD HH24:MI:SS.FF6'));
INSERT INTO APPOINTMENTS (APPOINTMENT_ID, PATIENT_ID, DOCTOR_ID, APPOINTMENT_DATE, APPOINTMENT_TIME, STATUS_ID, REASON_FOR_VISIT, CREATED_AT) VALUES (77, 77, 42, TO_TIMESTAMP('2026-07-15 00:00:00', 'YYYY-MM-DD HH24:MI:SS'), '09:30', 1, 'Fever and cough consultation', TO_TIMESTAMP('2026-07-15 13:44:05.035595', 'YYYY-MM-DD HH24:MI:SS.FF6'));
INSERT INTO APPOINTMENTS (APPOINTMENT_ID, PATIENT_ID, DOCTOR_ID, APPOINTMENT_DATE, APPOINTMENT_TIME, STATUS_ID, REASON_FOR_VISIT, CREATED_AT) VALUES (92, 82, 43, TO_TIMESTAMP('2026-07-18 00:00:00', 'YYYY-MM-DD HH24:MI:SS'), '09:30', 2, 'Emergency follow-up', TO_TIMESTAMP('2026-07-15 13:45:02.232456', 'YYYY-MM-DD HH24:MI:SS.FF6'));
INSERT INTO APPOINTMENTS (APPOINTMENT_ID, PATIENT_ID, DOCTOR_ID, APPOINTMENT_DATE, APPOINTMENT_TIME, STATUS_ID, REASON_FOR_VISIT, CREATED_AT) VALUES (93, 83, 44, TO_TIMESTAMP('2026-07-18 00:00:00', 'YYYY-MM-DD HH24:MI:SS'), '10:00', 1, 'Joint pain consultation', TO_TIMESTAMP('2026-07-15 13:45:05.754620', 'YYYY-MM-DD HH24:MI:SS.FF6'));
INSERT INTO APPOINTMENTS (APPOINTMENT_ID, PATIENT_ID, DOCTOR_ID, APPOINTMENT_DATE, APPOINTMENT_TIME, STATUS_ID, REASON_FOR_VISIT, CREATED_AT) VALUES (94, 84, 45, TO_TIMESTAMP('2026-07-18 00:00:00', 'YYYY-MM-DD HH24:MI:SS'), '10:30', 4, 'General medical examination', TO_TIMESTAMP('2026-07-15 13:45:09.987308', 'YYYY-MM-DD HH24:MI:SS.FF6'));
INSERT INTO APPOINTMENTS (APPOINTMENT_ID, PATIENT_ID, DOCTOR_ID, APPOINTMENT_DATE, APPOINTMENT_TIME, STATUS_ID, REASON_FOR_VISIT, CREATED_AT) VALUES (95, 85, 46, TO_TIMESTAMP('2026-07-18 00:00:00', 'YYYY-MM-DD HH24:MI:SS'), '11:00', 1, 'Heart palpitations', TO_TIMESTAMP('2026-07-15 13:45:13.347528', 'YYYY-MM-DD HH24:MI:SS.FF6'));
INSERT INTO APPOINTMENTS (APPOINTMENT_ID, PATIENT_ID, DOCTOR_ID, APPOINTMENT_DATE, APPOINTMENT_TIME, STATUS_ID, REASON_FOR_VISIT, CREATED_AT) VALUES (96, 76, 47, TO_TIMESTAMP('2026-07-19 00:00:00', 'YYYY-MM-DD HH24:MI:SS'), '09:00', 2, 'Emergency review', TO_TIMESTAMP('2026-07-15 13:45:18.530539', 'YYYY-MM-DD HH24:MI:SS.FF6'));
INSERT INTO APPOINTMENTS (APPOINTMENT_ID, PATIENT_ID, DOCTOR_ID, APPOINTMENT_DATE, APPOINTMENT_TIME, STATUS_ID, REASON_FOR_VISIT, CREATED_AT) VALUES (97, 77, 41, TO_TIMESTAMP('2026-07-19 00:00:00', 'YYYY-MM-DD HH24:MI:SS'), '09:30', 1, 'Arm pain after injury', TO_TIMESTAMP('2026-07-15 13:45:21.984984', 'YYYY-MM-DD HH24:MI:SS.FF6'));
INSERT INTO APPOINTMENTS (APPOINTMENT_ID, PATIENT_ID, DOCTOR_ID, APPOINTMENT_DATE, APPOINTMENT_TIME, STATUS_ID, REASON_FOR_VISIT, CREATED_AT) VALUES (98, 78, 42, TO_TIMESTAMP('2026-07-19 00:00:00', 'YYYY-MM-DD HH24:MI:SS'), '10:00', 1, 'General wellness check', TO_TIMESTAMP('2026-07-15 13:45:25.556278', 'YYYY-MM-DD HH24:MI:SS.FF6'));
INSERT INTO APPOINTMENTS (APPOINTMENT_ID, PATIENT_ID, DOCTOR_ID, APPOINTMENT_DATE, APPOINTMENT_TIME, STATUS_ID, REASON_FOR_VISIT, CREATED_AT) VALUES (99, 79, 43, TO_TIMESTAMP('2026-07-19 00:00:00', 'YYYY-MM-DD HH24:MI:SS'), '10:30', 2, 'Cardiology follow-up', TO_TIMESTAMP('2026-07-15 13:45:29.332707', 'YYYY-MM-DD HH24:MI:SS.FF6'));
INSERT INTO APPOINTMENTS (APPOINTMENT_ID, PATIENT_ID, DOCTOR_ID, APPOINTMENT_DATE, APPOINTMENT_TIME, STATUS_ID, REASON_FOR_VISIT, CREATED_AT) VALUES (100, 80, 44, TO_TIMESTAMP('2026-07-19 00:00:00', 'YYYY-MM-DD HH24:MI:SS'), '11:00', 1, 'Medical consultation', TO_TIMESTAMP('2026-07-15 13:45:33.600520', 'YYYY-MM-DD HH24:MI:SS.FF6'));
INSERT INTO APPOINTMENTS (APPOINTMENT_ID, PATIENT_ID, DOCTOR_ID, APPOINTMENT_DATE, APPOINTMENT_TIME, STATUS_ID, REASON_FOR_VISIT, CREATED_AT) VALUES (101, 81, 45, TO_TIMESTAMP('2026-07-20 00:00:00', 'YYYY-MM-DD HH24:MI:SS'), '09:00', 3, 'Urgent care review', TO_TIMESTAMP('2026-07-15 13:45:37.117055', 'YYYY-MM-DD HH24:MI:SS.FF6'));
INSERT INTO APPOINTMENTS (APPOINTMENT_ID, PATIENT_ID, DOCTOR_ID, APPOINTMENT_DATE, APPOINTMENT_TIME, STATUS_ID, REASON_FOR_VISIT, CREATED_AT) VALUES (102, 82, 46, TO_TIMESTAMP('2026-07-20 00:00:00', 'YYYY-MM-DD HH24:MI:SS'), '09:30', 1, 'Sports injury assessment', TO_TIMESTAMP('2026-07-15 13:45:41.322804', 'YYYY-MM-DD HH24:MI:SS.FF6'));
INSERT INTO APPOINTMENTS (APPOINTMENT_ID, PATIENT_ID, DOCTOR_ID, APPOINTMENT_DATE, APPOINTMENT_TIME, STATUS_ID, REASON_FOR_VISIT, CREATED_AT) VALUES (103, 83, 47, TO_TIMESTAMP('2026-07-20 00:00:00', 'YYYY-MM-DD HH24:MI:SS'), '10:00', 2, 'General follow-up', TO_TIMESTAMP('2026-07-15 13:45:44.913164', 'YYYY-MM-DD HH24:MI:SS.FF6'));
INSERT INTO APPOINTMENTS (APPOINTMENT_ID, PATIENT_ID, DOCTOR_ID, APPOINTMENT_DATE, APPOINTMENT_TIME, STATUS_ID, REASON_FOR_VISIT, CREATED_AT) VALUES (104, 84, 41, TO_TIMESTAMP('2026-07-20 00:00:00', 'YYYY-MM-DD HH24:MI:SS'), '10:30', 1, 'Blood pressure and heart check', TO_TIMESTAMP('2026-07-15 13:45:48.699711', 'YYYY-MM-DD HH24:MI:SS.FF6'));
INSERT INTO APPOINTMENTS (APPOINTMENT_ID, PATIENT_ID, DOCTOR_ID, APPOINTMENT_DATE, APPOINTMENT_TIME, STATUS_ID, REASON_FOR_VISIT, CREATED_AT) VALUES (90, 80, 41, TO_TIMESTAMP('2026-07-17 00:00:00', 'YYYY-MM-DD HH24:MI:SS'), '11:00', 3, 'Blood pressure follow-up', TO_TIMESTAMP('2026-07-15 13:44:53.617772', 'YYYY-MM-DD HH24:MI:SS.FF6'));
INSERT INTO APPOINTMENTS (APPOINTMENT_ID, PATIENT_ID, DOCTOR_ID, APPOINTMENT_DATE, APPOINTMENT_TIME, STATUS_ID, REASON_FOR_VISIT, CREATED_AT) VALUES (91, 81, 42, TO_TIMESTAMP('2026-07-18 00:00:00', 'YYYY-MM-DD HH24:MI:SS'), '09:00', 1, 'Nutrition and wellness consultation', TO_TIMESTAMP('2026-07-15 13:44:57.980161', 'YYYY-MM-DD HH24:MI:SS.FF6'));
INSERT INTO APPOINTMENTS (APPOINTMENT_ID, PATIENT_ID, DOCTOR_ID, APPOINTMENT_DATE, APPOINTMENT_TIME, STATUS_ID, REASON_FOR_VISIT, CREATED_AT) VALUES (121, 93, 44, TO_TIMESTAMP('2026-07-21 00:00:00', 'YYYY-MM-DD HH24:MI:SS'), '12:20', 1, 'ChecKing', TO_TIMESTAMP('2026-07-16 05:08:38.228958', 'YYYY-MM-DD HH24:MI:SS.FF6'));

COMMIT;

-- ADMISSIONS (4 rows)
-- Column types inferred: {'ADMISSION_ID': 'number', 'PATIENT_ID': 'number', 'DOCTOR_ID': 'number', 'ROOM_ID': 'number', 'ADMISSION_DATE': 'timestamp', 'DISCHARGE_DATE': 'timestamp', 'ADMISSION_REASON': 'string', 'STATUS': 'string'}

INSERT INTO ADMISSIONS (ADMISSION_ID, PATIENT_ID, DOCTOR_ID, ROOM_ID, ADMISSION_DATE, DISCHARGE_DATE, ADMISSION_REASON, STATUS) VALUES (22, 76, 46, 4, TO_TIMESTAMP('2026-07-21 00:00:00', 'YYYY-MM-DD HH24:MI:SS'), TO_TIMESTAMP('2026-07-23 00:00:00', 'YYYY-MM-DD HH24:MI:SS'), '-----', 'Admitted');
INSERT INTO ADMISSIONS (ADMISSION_ID, PATIENT_ID, DOCTOR_ID, ROOM_ID, ADMISSION_DATE, DISCHARGE_DATE, ADMISSION_REASON, STATUS) VALUES (1, 76, 41, 1, TO_TIMESTAMP('2026-07-16 00:00:00', 'YYYY-MM-DD HH24:MI:SS'), TO_TIMESTAMP('2026-07-23 00:00:00', 'YYYY-MM-DD HH24:MI:SS'), '.....', 'Admitted');
INSERT INTO ADMISSIONS (ADMISSION_ID, PATIENT_ID, DOCTOR_ID, ROOM_ID, ADMISSION_DATE, DISCHARGE_DATE, ADMISSION_REASON, STATUS) VALUES (2, 83, 45, 2, TO_TIMESTAMP('2026-07-15 00:00:00', 'YYYY-MM-DD HH24:MI:SS'), TO_TIMESTAMP('2026-07-25 00:00:00', 'YYYY-MM-DD HH24:MI:SS'), 'hhhh', 'Admitted');
INSERT INTO ADMISSIONS (ADMISSION_ID, PATIENT_ID, DOCTOR_ID, ROOM_ID, ADMISSION_DATE, DISCHARGE_DATE, ADMISSION_REASON, STATUS) VALUES (21, 76, 43, 5, TO_TIMESTAMP('2026-07-29 00:00:00', 'YYYY-MM-DD HH24:MI:SS'), TO_TIMESTAMP('2026-07-31 00:00:00', 'YYYY-MM-DD HH24:MI:SS'), 'Teeth Check', 'Admitted');

COMMIT;

-- PATIENT_VISITS (10 rows)
-- Column types inferred: {'VISIT_ID': 'number', 'APPOINTMENT_ID': 'number', 'PATIENT_ID': 'number', 'DOCTOR_ID': 'number', 'VISIT_DATE': 'timestamp', 'SYMPTOMS': 'string', 'DIAGNOSIS': 'string', 'NOTES': 'string', 'FOLLOW_UP_DATE': 'timestamp'}

INSERT INTO PATIENT_VISITS (VISIT_ID, APPOINTMENT_ID, PATIENT_ID, DOCTOR_ID, VISIT_DATE, SYMPTOMS, DIAGNOSIS, NOTES, FOLLOW_UP_DATE) VALUES (21, 76, 76, 41, TO_TIMESTAMP('2026-07-15 00:00:00', 'YYYY-MM-DD HH24:MI:SS'), 'Headache and mild fever', 'Viral infection', 'Rest, hydration, and medication as prescribed', TO_TIMESTAMP('2026-07-22 00:00:00', 'YYYY-MM-DD HH24:MI:SS'));
INSERT INTO PATIENT_VISITS (VISIT_ID, APPOINTMENT_ID, PATIENT_ID, DOCTOR_ID, VISIT_DATE, SYMPTOMS, DIAGNOSIS, NOTES, FOLLOW_UP_DATE) VALUES (23, 78, 78, 43, TO_TIMESTAMP('2026-07-15 00:00:00', 'YYYY-MM-DD HH24:MI:SS'), 'Chest discomfort and fatigue', 'Hypertension evaluation', 'Blood pressure monitoring advised', TO_TIMESTAMP('2026-07-29 00:00:00', 'YYYY-MM-DD HH24:MI:SS'));
INSERT INTO PATIENT_VISITS (VISIT_ID, APPOINTMENT_ID, PATIENT_ID, DOCTOR_ID, VISIT_DATE, SYMPTOMS, DIAGNOSIS, NOTES, FOLLOW_UP_DATE) VALUES (24, 79, 79, 44, TO_TIMESTAMP('2026-07-15 00:00:00', 'YYYY-MM-DD HH24:MI:SS'), 'Knee pain and swelling', 'Joint inflammation', 'Avoid strenuous activity and use prescribed pain relief', TO_TIMESTAMP('2026-07-25 00:00:00', 'YYYY-MM-DD HH24:MI:SS'));
INSERT INTO PATIENT_VISITS (VISIT_ID, APPOINTMENT_ID, PATIENT_ID, DOCTOR_ID, VISIT_DATE, SYMPTOMS, DIAGNOSIS, NOTES, FOLLOW_UP_DATE) VALUES (25, 80, 80, 45, TO_TIMESTAMP('2026-07-15 00:00:00', 'YYYY-MM-DD HH24:MI:SS'), 'General weakness and dizziness', 'Vitamin deficiency suspected', 'Blood test recommended', TO_TIMESTAMP('2026-07-29 00:00:00', 'YYYY-MM-DD HH24:MI:SS'));
INSERT INTO PATIENT_VISITS (VISIT_ID, APPOINTMENT_ID, PATIENT_ID, DOCTOR_ID, VISIT_DATE, SYMPTOMS, DIAGNOSIS, NOTES, FOLLOW_UP_DATE) VALUES (26, 81, 81, 46, TO_TIMESTAMP('2026-07-16 00:00:00', 'YYYY-MM-DD HH24:MI:SS'), 'Abdominal discomfort', 'Gastric irritation', 'Dietary changes and medication recommended', TO_TIMESTAMP('2026-07-23 00:00:00', 'YYYY-MM-DD HH24:MI:SS'));
INSERT INTO PATIENT_VISITS (VISIT_ID, APPOINTMENT_ID, PATIENT_ID, DOCTOR_ID, VISIT_DATE, SYMPTOMS, DIAGNOSIS, NOTES, FOLLOW_UP_DATE) VALUES (27, 82, 82, 47, TO_TIMESTAMP('2026-07-16 00:00:00', 'YYYY-MM-DD HH24:MI:SS'), 'Shortness of breath', 'Respiratory infection', 'Rest and monitor breathing symptoms', TO_TIMESTAMP('2026-07-21 00:00:00', 'YYYY-MM-DD HH24:MI:SS'));
INSERT INTO PATIENT_VISITS (VISIT_ID, APPOINTMENT_ID, PATIENT_ID, DOCTOR_ID, VISIT_DATE, SYMPTOMS, DIAGNOSIS, NOTES, FOLLOW_UP_DATE) VALUES (28, 83, 83, 41, TO_TIMESTAMP('2026-07-16 00:00:00', 'YYYY-MM-DD HH24:MI:SS'), 'Lower back pain', 'Muscle strain', 'Rest and avoid heavy lifting', TO_TIMESTAMP('2026-07-26 00:00:00', 'YYYY-MM-DD HH24:MI:SS'));
INSERT INTO PATIENT_VISITS (VISIT_ID, APPOINTMENT_ID, PATIENT_ID, DOCTOR_ID, VISIT_DATE, SYMPTOMS, DIAGNOSIS, NOTES, FOLLOW_UP_DATE) VALUES (29, 84, 84, 42, TO_TIMESTAMP('2026-07-16 00:00:00', 'YYYY-MM-DD HH24:MI:SS'), 'High blood sugar readings', 'Diabetes follow-up', 'Continue monitoring glucose levels', TO_TIMESTAMP('2026-08-15 00:00:00', 'YYYY-MM-DD HH24:MI:SS'));
INSERT INTO PATIENT_VISITS (VISIT_ID, APPOINTMENT_ID, PATIENT_ID, DOCTOR_ID, VISIT_DATE, SYMPTOMS, DIAGNOSIS, NOTES, FOLLOW_UP_DATE) VALUES (30, 85, 85, 43, TO_TIMESTAMP('2026-07-16 00:00:00', 'YYYY-MM-DD HH24:MI:SS'), 'Palpitations and mild dizziness', 'Cardiac rhythm evaluation', 'ECG and follow-up recommended', TO_TIMESTAMP('2026-07-30 00:00:00', 'YYYY-MM-DD HH24:MI:SS'));
INSERT INTO PATIENT_VISITS (VISIT_ID, APPOINTMENT_ID, PATIENT_ID, DOCTOR_ID, VISIT_DATE, SYMPTOMS, DIAGNOSIS, NOTES, FOLLOW_UP_DATE) VALUES (22, 77, 77, 42, TO_TIMESTAMP('2026-07-15 00:00:00', 'YYYY-MM-DD HH24:MI:SS'), 'Persistent cough and sore throat', 'Upper respiratory infection', 'Monitor symptoms and complete prescribed medication', TO_TIMESTAMP('2026-07-20 00:00:00', 'YYYY-MM-DD HH24:MI:SS'));

COMMIT;

-- PRESCRIPTIONS (10 rows)
-- Column types inferred: {'PATIENT_ID': 'number', 'DOCTOR_ID': 'number', 'PRESCRIPTION_DATE': 'timestamp', 'NOTES': 'string', 'PRESCRIPTION_ID': 'number', 'VISIT_ID': 'number'}

INSERT INTO PRESCRIPTIONS (PATIENT_ID, DOCTOR_ID, PRESCRIPTION_DATE, NOTES, PRESCRIPTION_ID, VISIT_ID) VALUES (76, 41, TO_TIMESTAMP('2026-07-15 00:00:00', 'YYYY-MM-DD HH24:MI:SS'), 'Prescription issued during patient visit', 21, 21);
INSERT INTO PRESCRIPTIONS (PATIENT_ID, DOCTOR_ID, PRESCRIPTION_DATE, NOTES, PRESCRIPTION_ID, VISIT_ID) VALUES (77, 42, TO_TIMESTAMP('2026-07-15 00:00:00', 'YYYY-MM-DD HH24:MI:SS'), 'Prescription issued during patient visit', 22, 22);
INSERT INTO PRESCRIPTIONS (PATIENT_ID, DOCTOR_ID, PRESCRIPTION_DATE, NOTES, PRESCRIPTION_ID, VISIT_ID) VALUES (78, 43, TO_TIMESTAMP('2026-07-15 00:00:00', 'YYYY-MM-DD HH24:MI:SS'), 'Prescription issued during patient visit', 23, 23);
INSERT INTO PRESCRIPTIONS (PATIENT_ID, DOCTOR_ID, PRESCRIPTION_DATE, NOTES, PRESCRIPTION_ID, VISIT_ID) VALUES (79, 44, TO_TIMESTAMP('2026-07-15 00:00:00', 'YYYY-MM-DD HH24:MI:SS'), 'Prescription issued during patient visit', 24, 24);
INSERT INTO PRESCRIPTIONS (PATIENT_ID, DOCTOR_ID, PRESCRIPTION_DATE, NOTES, PRESCRIPTION_ID, VISIT_ID) VALUES (80, 45, TO_TIMESTAMP('2026-07-15 00:00:00', 'YYYY-MM-DD HH24:MI:SS'), 'Prescription issued during patient visit', 25, 25);
INSERT INTO PRESCRIPTIONS (PATIENT_ID, DOCTOR_ID, PRESCRIPTION_DATE, NOTES, PRESCRIPTION_ID, VISIT_ID) VALUES (81, 46, TO_TIMESTAMP('2026-07-16 00:00:00', 'YYYY-MM-DD HH24:MI:SS'), 'Prescription issued during patient visit', 26, 26);
INSERT INTO PRESCRIPTIONS (PATIENT_ID, DOCTOR_ID, PRESCRIPTION_DATE, NOTES, PRESCRIPTION_ID, VISIT_ID) VALUES (82, 47, TO_TIMESTAMP('2026-07-16 00:00:00', 'YYYY-MM-DD HH24:MI:SS'), 'Prescription issued during patient visit', 27, 27);
INSERT INTO PRESCRIPTIONS (PATIENT_ID, DOCTOR_ID, PRESCRIPTION_DATE, NOTES, PRESCRIPTION_ID, VISIT_ID) VALUES (83, 41, TO_TIMESTAMP('2026-07-16 00:00:00', 'YYYY-MM-DD HH24:MI:SS'), 'Prescription issued during patient visit', 28, 28);
INSERT INTO PRESCRIPTIONS (PATIENT_ID, DOCTOR_ID, PRESCRIPTION_DATE, NOTES, PRESCRIPTION_ID, VISIT_ID) VALUES (84, 42, TO_TIMESTAMP('2026-07-16 00:00:00', 'YYYY-MM-DD HH24:MI:SS'), 'Prescription issued during patient visit', 29, 29);
INSERT INTO PRESCRIPTIONS (PATIENT_ID, DOCTOR_ID, PRESCRIPTION_DATE, NOTES, PRESCRIPTION_ID, VISIT_ID) VALUES (85, 43, TO_TIMESTAMP('2026-07-16 00:00:00', 'YYYY-MM-DD HH24:MI:SS'), 'Prescription issued during patient visit', 30, 30);

COMMIT;

-- PRESCRIPTION_ITEMS (10 rows)
-- Column types inferred: {'PRESCRIPTION_ITEM_ID': 'number', 'PRESCRIPTION_ID': 'number', 'MEDICINE_ID': 'number', 'DOSAGE': 'string', 'FREQUENCY': 'string', 'DURATION_DAYS': 'number', 'INSTRUCTIONS': 'string'}

INSERT INTO PRESCRIPTION_ITEMS (PRESCRIPTION_ITEM_ID, PRESCRIPTION_ID, MEDICINE_ID, DOSAGE, FREQUENCY, DURATION_DAYS, INSTRUCTIONS) VALUES (21, 21, 1, '250mg', 'Twice daily', 7, 'Take as directed by the doctor');
INSERT INTO PRESCRIPTION_ITEMS (PRESCRIPTION_ITEM_ID, PRESCRIPTION_ID, MEDICINE_ID, DOSAGE, FREQUENCY, DURATION_DAYS, INSTRUCTIONS) VALUES (22, 22, 2, '1 tablet', 'Three times daily', 10, 'Take as directed by the doctor');
INSERT INTO PRESCRIPTION_ITEMS (PRESCRIPTION_ITEM_ID, PRESCRIPTION_ID, MEDICINE_ID, DOSAGE, FREQUENCY, DURATION_DAYS, INSTRUCTIONS) VALUES (23, 23, 21, '5ml', 'Once daily', 5, 'Take as directed by the doctor');
INSERT INTO PRESCRIPTION_ITEMS (PRESCRIPTION_ITEM_ID, PRESCRIPTION_ID, MEDICINE_ID, DOSAGE, FREQUENCY, DURATION_DAYS, INSTRUCTIONS) VALUES (24, 24, 22, '500mg', 'Twice daily', 7, 'Take as directed by the doctor');
INSERT INTO PRESCRIPTION_ITEMS (PRESCRIPTION_ITEM_ID, PRESCRIPTION_ID, MEDICINE_ID, DOSAGE, FREQUENCY, DURATION_DAYS, INSTRUCTIONS) VALUES (25, 25, 41, '250mg', 'Three times daily', 10, 'Take as directed by the doctor');
INSERT INTO PRESCRIPTION_ITEMS (PRESCRIPTION_ITEM_ID, PRESCRIPTION_ID, MEDICINE_ID, DOSAGE, FREQUENCY, DURATION_DAYS, INSTRUCTIONS) VALUES (26, 26, 42, '1 tablet', 'Once daily', 5, 'Take as directed by the doctor');
INSERT INTO PRESCRIPTION_ITEMS (PRESCRIPTION_ITEM_ID, PRESCRIPTION_ID, MEDICINE_ID, DOSAGE, FREQUENCY, DURATION_DAYS, INSTRUCTIONS) VALUES (27, 27, 43, '5ml', 'Twice daily', 7, 'Take as directed by the doctor');
INSERT INTO PRESCRIPTION_ITEMS (PRESCRIPTION_ITEM_ID, PRESCRIPTION_ID, MEDICINE_ID, DOSAGE, FREQUENCY, DURATION_DAYS, INSTRUCTIONS) VALUES (28, 28, 44, '500mg', 'Three times daily', 10, 'Take as directed by the doctor');
INSERT INTO PRESCRIPTION_ITEMS (PRESCRIPTION_ITEM_ID, PRESCRIPTION_ID, MEDICINE_ID, DOSAGE, FREQUENCY, DURATION_DAYS, INSTRUCTIONS) VALUES (29, 29, 45, '250mg', 'Once daily', 5, 'Take as directed by the doctor');
INSERT INTO PRESCRIPTION_ITEMS (PRESCRIPTION_ITEM_ID, PRESCRIPTION_ID, MEDICINE_ID, DOSAGE, FREQUENCY, DURATION_DAYS, INSTRUCTIONS) VALUES (30, 30, 46, '1 tablet', 'Twice daily', 7, 'Take as directed by the doctor');

COMMIT;
